id,value
1,0.5761749013166048
2,0.0916123978241068
3,0.5428531788674126
4,-1.3741444111458148
5,-0.3699077670322961
